{"ego_networks": {"jaccard": {"0": [[48, 1.0]], "1": [[35, 1.0], [37, 1.0], [46, 1.0], [51, 1.0], [2, 0.5], [10, 0.5], [17, 0.5], [24, 0.5], [31, 0.5], [33, 0.5], [36, 0.5], [40, 0.5], [45, 0.5], [6, 0.3333333333333333], [44, 0.3333333333333333], [50, 0.3333333333333333], [19, 0.25], [52, 0.25], [27, 0.2], [26, 0.14285714285714285]], "2": [[17, 1.0], [24, 1.0], [33, 1.0], [40, 1.0], [1, 0.5], [6, 0.5], [35, 0.5], [37, 0.5], [44, 0.5], [46, 0.5], [50, 0.5], [51, 0.5], [19, 0.3333333333333333], [52, 0.3333333333333333], [26, 0.16666666666666666]], "3": [[19, 0.6666666666666666], [22, 0.5], [38, 0.5], [28, 0.3333333333333333], [39, 0.3333333333333333], [41, 0.3333333333333333], [27, 0.2]], "4": [[14, 1.0], [47, 1.0], [49, 1.0], [27, 0.25]], "5": [[43, 0.7777777777777778], [18, 0.6666666666666666], [20, 0.1111111111111111]], "6": [[44, 1.0], [50, 1.0], [52, 0.6666666666666666], [2, 0.5], [17, 0.5], [24, 0.5], [33, 0.5], [40, 0.5], [1, 0.3333333333333333], [26, 0.3333333333333333], [35, 0.3333333333333333], [37, 0.3333333333333333], [46, 0.3333333333333333], [51, 0.3333333333333333], [19, 0.25]], "7": [[11, 1.0], [12, 1.0], [34, 1.0], [16, 0.5]], "8": [[32, 1.0], [13, 0.5]], "9": [], "10": [[31, 1.0], [36, 1.0], [45, 1.0], [1, 0.5], [35, 0.5], [37, 0.5], [46, 0.5], [51, 0.5], [27, 0.25]], "11": [[7, 1.0], [12, 1.0], [34, 1.0], [16, 0.5]], "12": [[7, 1.0], [11, 1.0], [34, 1.0], [16, 0.5]], "13": [[8, 0.5], [32, 0.5], [16, 0.3333333333333333], [21, 0.25]], "14": [[4, 1.0], [47, 1.0], [49, 1.0], [27, 0.25]], "15": [[25, 1.0]], "16": [[7, 0.5], [11, 0.5], [12, 0.5], [34, 0.5], [13, 0.3333333333333333], [21, 0.25]], "17": [[2, 1.0], [24, 1.0], [33, 1.0], [40, 1.0], [1, 0.5], [6, 0.5], [35, 0.5], [37, 0.5], [44, 0.5], [46, 0.5], [50, 0.5], [51, 0.5], [19, 0.3333333333333333], [52, 0.3333333333333333], [26, 0.16666666666666666]], "18": [[43, 0.8571428571428571], [5, 0.6666666666666666], [20, 0.16666666666666666]], "19": [[3, 0.6666666666666666], [2, 0.3333333333333333], [17, 0.3333333333333333], [22, 0.3333333333333333], [24, 0.3333333333333333], [33, 0.3333333333333333], [38, 0.3333333333333333], [40, 0.3333333333333333], [1, 0.25], [6, 0.25], [28, 0.25], [35, 0.25], [37, 0.25], [39, 0.25], [41, 0.25], [44, 0.25], [46, 0.25], [50, 0.25], [51, 0.25], [52, 0.2], [27, 0.16666666666666666], [26, 0.125]], "20": [[18, 0.16666666666666666], [43, 0.14285714285714285], [5, 0.1111111111111111]], "21": [[42, 0.6666666666666666], [13, 0.25], [16, 0.25], [27, 0.16666666666666666]], "22": [[38, 1.0], [3, 0.5], [28, 0.5], [39, 0.5], [41, 0.5], [19, 0.3333333333333333], [27, 0.25]], "23": [], "24": [[2, 1.0], [17, 1.0], [33, 1.0], [40, 1.0], [1, 0.5], [6, 0.5], [35, 0.5], [37, 0.5], [44, 0.5], [46, 0.5], [50, 0.5], [51, 0.5], [19, 0.3333333333333333], [52, 0.3333333333333333], [26, 0.16666666666666666]], "25": [[15, 1.0]], "26": [[52, 0.5], [6, 0.3333333333333333], [44, 0.3333333333333333], [50, 0.3333333333333333], [2, 0.16666666666666666], [17, 0.16666666666666666], [24, 0.16666666666666666], [33, 0.16666666666666666], [40, 0.16666666666666666], [1, 0.14285714285714285], [28, 0.14285714285714285], [35, 0.14285714285714285], [37, 0.14285714285714285], [39, 0.14285714285714285], [41, 0.14285714285714285], [46, 0.14285714285714285], [51, 0.14285714285714285], [19, 0.125]], "27": [[4, 0.25], [10, 0.25], [14, 0.25], [22, 0.25], [31, 0.25], [36, 0.25], [38, 0.25], [45, 0.25], [47, 0.25], [49, 0.25], [1, 0.2], [3, 0.2], [28, 0.2], [35, 0.2], [37, 0.2], [39, 0.2], [41, 0.2], [42, 0.2], [46, 0.2], [51, 0.2], [19, 0.16666666666666666], [21, 0.16666666666666666]], "28": [[39, 1.0], [41, 1.0], [22, 0.5], [38, 0.5], [3, 0.3333333333333333], [19, 0.25], [52, 0.25], [27, 0.2], [26, 0.14285714285714285]], "29": [[30, 1.0]], "30": [[29, 1.0]], "31": [[10, 1.0], [36, 1.0], [45, 1.0], [1, 0.5], [35, 0.5], [37, 0.5], [46, 0.5], [51, 0.5], [27, 0.25]], "32": [[8, 1.0], [13, 0.5]], "33": [[2, 1.0], [17, 1.0], [24, 1.0], [40, 1.0], [1, 0.5], [6, 0.5], [35, 0.5], [37, 0.5], [44, 0.5], [46, 0.5], [50, 0.5], [51, 0.5], [19, 0.3333333333333333], [52, 0.3333333333333333], [26, 0.16666666666666666]], "34": [[7, 1.0], [11, 1.0], [12, 1.0], [16, 0.5]], "35": [[1, 1.0], [37, 1.0], [46, 1.0], [51, 1.0], [2, 0.5], [10, 0.5], [17, 0.5], [24, 0.5], [31, 0.5], [33, 0.5], [36, 0.5], [40, 0.5], [45, 0.5], [6, 0.3333333333333333], [44, 0.3333333333333333], [50, 0.3333333333333333], [19, 0.25], [52, 0.25], [27, 0.2], [26, 0.14285714285714285]], "36": [[10, 1.0], [31, 1.0], [45, 1.0], [1, 0.5], [35, 0.5], [37, 0.5], [46, 0.5], [51, 0.5], [27, 0.25]], "37": [[1, 1.0], [35, 1.0], [46, 1.0], [51, 1.0], [2, 0.5], [10, 0.5], [17, 0.5], [24, 0.5], [31, 0.5], [33, 0.5], [36, 0.5], [40, 0.5], [45, 0.5], [6, 0.3333333333333333], [44, 0.3333333333333333], [50, 0.3333333333333333], [19, 0.25], [52, 0.25], [27, 0.2], [26, 0.14285714285714285]], "38": [[22, 1.0], [3, 0.5], [28, 0.5], [39, 0.5], [41, 0.5], [19, 0.3333333333333333], [27, 0.25]], "39": [[28, 1.0], [41, 1.0], [22, 0.5], [38, 0.5], [3, 0.3333333333333333], [19, 0.25], [52, 0.25], [27, 0.2], [26, 0.14285714285714285]], "40": [[2, 1.0], [17, 1.0], [24, 1.0], [33, 1.0], [1, 0.5], [6, 0.5], [35, 0.5], [37, 0.5], [44, 0.5], [46, 0.5], [50, 0.5], [51, 0.5], [19, 0.3333333333333333], [52, 0.3333333333333333], [26, 0.16666666666666666]], "41": [[28, 1.0], [39, 1.0], [22, 0.5], [38, 0.5], [3, 0.3333333333333333], [19, 0.25], [52, 0.25], [27, 0.2], [26, 0.14285714285714285]], "42": [[21, 0.6666666666666666], [27, 0.2]], "43": [[18, 0.8571428571428571], [5, 0.7777777777777778], [20, 0.14285714285714285]], "44": [[6, 1.0], [50, 1.0], [52, 0.6666666666666666], [2, 0.5], [17, 0.5], [24, 0.5], [33, 0.5], [40, 0.5], [1, 0.3333333333333333], [26, 0.3333333333333333], [35, 0.3333333333333333], [37, 0.3333333333333333], [46, 0.3333333333333333], [51, 0.3333333333333333], [19, 0.25]], "45": [[10, 1.0], [31, 1.0], [36, 1.0], [1, 0.5], [35, 0.5], [37, 0.5], [46, 0.5], [51, 0.5], [27, 0.25]], "46": [[1, 1.0], [35, 1.0], [37, 1.0], [51, 1.0], [2, 0.5], [10, 0.5], [17, 0.5], [24, 0.5], [31, 0.5], [33, 0.5], [36, 0.5], [40, 0.5], [45, 0.5], [6, 0.3333333333333333], [44, 0.3333333333333333], [50, 0.3333333333333333], [19, 0.25], [52, 0.25], [27, 0.2], [26, 0.14285714285714285]], "47": [[4, 1.0], [14, 1.0], [49, 1.0], [27, 0.25]], "48": [[0, 1.0]], "49": [[4, 1.0], [14, 1.0], [47, 1.0], [27, 0.25]], "50": [[6, 1.0], [44, 1.0], [52, 0.6666666666666666], [2, 0.5], [17, 0.5], [24, 0.5], [33, 0.5], [40, 0.5], [1, 0.3333333333333333], [26, 0.3333333333333333], [35, 0.3333333333333333], [37, 0.3333333333333333], [46, 0.3333333333333333], [51, 0.3333333333333333], [19, 0.25]], "51": [[1, 1.0], [35, 1.0], [37, 1.0], [46, 1.0], [2, 0.5], [10, 0.5], [17, 0.5], [24, 0.5], [31, 0.5], [33, 0.5], [36, 0.5], [40, 0.5], [45, 0.5], [6, 0.3333333333333333], [44, 0.3333333333333333], [50, 0.3333333333333333], [19, 0.25], [52, 0.25], [27, 0.2], [26, 0.14285714285714285]], "52": [[6, 0.6666666666666666], [44, 0.6666666666666666], [50, 0.6666666666666666], [26, 0.5], [2, 0.3333333333333333], [17, 0.3333333333333333], [24, 0.3333333333333333], [33, 0.3333333333333333], [40, 0.3333333333333333], [1, 0.25], [28, 0.25], [35, 0.25], [37, 0.25], [39, 0.25], [41, 0.25], [46, 0.25], [51, 0.25], [19, 0.2]], "53": [], "54": [[72, 1.0], [71, 0.5], [68, 0.3333333333333333], [69, 0.3333333333333333], [73, 0.3333333333333333], [74, 0.3333333333333333], [75, 0.3333333333333333], [67, 0.25]], "55": [[56, 0.3125], [64, 0.23809523809523808], [80, 0.10526315789473684], [57, 0.0625], [58, 0.0625], [59, 0.0625], [83, 0.058823529411764705], [62, 0.043478260869565216]], "56": [[55, 0.3125], [80, 0.25], [57, 0.2], [58, 0.2], [59, 0.2]], "57": [[58, 1.0], [59, 1.0], [56, 0.2], [80, 0.2], [55, 0.0625]], "58": [[57, 1.0], [59, 1.0], [56, 0.2], [80, 0.2], [55, 0.0625]], "59": [[57, 1.0], [58, 1.0], [56, 0.2], [80, 0.2], [55, 0.0625]], "60": [[63, 0.14285714285714285], [62, 0.08333333333333333], [64, 0.07142857142857142]], "61": [],