{"ego_networks": {"jaccard": {"0": [[48, 0.3333333333333333], [77, 0.2], [71, 0.16666666666666666], [45, 0.1111111111111111], [1, 0.07142857142857142]], "1": [[45, 0.1875], [35, 0.17647058823529413], [37, 0.17647058823529413], [46, 0.16666666666666666], [19, 0.14285714285714285], [51, 0.125], [10, 0.11764705882352941], [64, 0.1], [3, 0.08695652173913043], [31, 0.08333333333333333], [40, 0.08333333333333333], [44, 0.07692307692307693], [50, 0.07692307692307693], [52, 0.07692307692307693], [0, 0.07142857142857142], [17, 0.07142857142857142], [33, 0.07142857142857142], [36, 0.07142857142857142], [77, 0.07142857142857142], [27, 0.06666666666666667], [24, 0.0625], [60, 0.0625], [6, 0.058823529411764705], [2, 0.05555555555555555], [4, 0.05555555555555555], [8, 0.05555555555555555], [26, 0.05555555555555555], [62, 0.05263157894736842]], "2": [[24, 0.2], [6, 0.18181818181818182], [55, 0.15], [40, 0.14285714285714285], [44, 0.125], [46, 0.125], [50, 0.125], [52, 0.125], [17, 0.1111111111111111], [33, 0.1111111111111111], [19, 0.1], [56, 0.09090909090909091], [51, 0.08333333333333333], [26, 0.07692307692307693], [35, 0.07142857142857142], [37, 0.07142857142857142], [1, 0.05555555555555555]], "3": [[64, 0.2777777777777778], [19, 0.13333333333333333], [51, 0.11764705882352941], [55, 0.11538461538461539], [8, 0.1111111111111111], [10, 0.1111111111111111], [1, 0.08695652173913043], [22, 0.07692307692307693], [28, 0.07692307692307693], [38, 0.07692307692307693], [39, 0.07692307692307693], [41, 0.07692307692307693], [36, 0.06666666666666667], [27, 0.0625], [60, 0.058823529411764705], [4, 0.05263157894736842], [45, 0.05263157894736842], [35, 0.05], [37, 0.05]], "4": [[45, 0.16666666666666666], [62, 0.15384615384615385], [14, 0.14285714285714285], [47, 0.14285714285714285], [49, 0.14285714285714285], [36, 0.1111111111111111], [27, 0.1], [55, 0.09523809523809523], [8, 0.07692307692307693], [10, 0.07692307692307693], [35, 0.07142857142857142], [37, 0.07142857142857142], [64, 0.0625], [1, 0.05555555555555555], [3, 0.05263157894736842]], "5": [[43, 0.7777777777777778], [18, 0.6666666666666666], [68, 0.14285714285714285], [69, 0.14285714285714285], [67, 0.13333333333333333], [20, 0.1111111111111111], [70, 0.08333333333333333], [73, 0.07692307692307693], [74, 0.07692307692307693]], "6": [[44, 0.3333333333333333], [50, 0.3333333333333333], [52, 0.3333333333333333], [17, 0.2857142857142857], [24, 0.2222222222222222], [2, 0.18181818181818182], [26, 0.18181818181818182], [40, 0.16666666666666666], [46, 0.14285714285714285], [33, 0.125], [19, 0.1111111111111111], [55, 0.1], [51, 0.09090909090909091], [35, 0.07692307692307693], [37, 0.07692307692307693], [1, 0.058823529411764705]], "7": [[11, 0.3333333333333333], [16, 0.25], [76, 0.25], [12, 0.1111111111111111], [34, 0.09090909090909091]], "8": [[13, 0.14285714285714285], [32, 0.14285714285714285], [64, 0.13333333333333333], [3, 0.1111111111111111], [36, 0.1111111111111111], [70, 0.1], [4, 0.07692307692307693], [45, 0.07692307692307693], [1, 0.05555555555555555], [55, 0.045454545454545456]], "9": [], "10": [[51, 0.3], [45, 0.16666666666666666], [35, 0.15384615384615385], [37, 0.15384615384615385], [31, 0.14285714285714285], [64, 0.13333333333333333], [46, 0.125], [1, 0.11764705882352941], [3, 0.1111111111111111], [36, 0.1111111111111111], [27, 0.1], [55, 0.09523809523809523], [4, 0.07692307692307693], [62, 0.07142857142857142]], "11": [[7, 0.3333333333333333], [76, 0.3333333333333333], [16, 0.2], [34, 0.16666666666666666], [12, 0.09090909090909091]], "12": [[34, 0.3333333333333333], [16, 0.25], [76, 0.25], [7, 0.1111111111111111], [11, 0.09090909090909091]], "13": [[32, 1.0], [8, 0.14285714285714285]], "14": [[47, 1.0], [49, 1.0], [27, 0.25], [4, 0.14285714285714285]], "15": [[25, 1.0]], "16": [[7, 0.25], [12, 0.25], [76, 0.25], [11, 0.2], [34, 0.2]], "17": [[24, 0.3333333333333333], [40, 0.3333333333333333], [6, 0.2857142857142857], [44, 0.25], [46, 0.25], [50, 0.25], [52, 0.25], [33, 0.2], [19, 0.16666666666666666], [51, 0.125], [2, 0.1111111111111111], [26, 0.1111111111111111], [35, 0.1], [37, 0.1], [1, 0.07142857142857142], [55, 0.05555555555555555]], "18": [[43, 0.8571428571428571], [5, 0.6666666666666666], [68, 0.18181818181818182], [69, 0.18181818181818182], [20, 0.16666666666666666], [67, 0.16666666666666666], [73, 0.1], [74, 0.1]], "19": [[22, 0.25], [28, 0.25], [38, 0.25], [39, 0.25], [40, 0.25], [41, 0.25], [44, 0.2], [46, 0.2], [50, 0.2], [52, 0.2], [17, 0.16666666666666666], [33, 0.16666666666666666], [1, 0.14285714285714285], [27, 0.14285714285714285], [3, 0.13333333333333333], [24, 0.125], [60, 0.125], [6, 0.1111111111111111], [51, 0.1111111111111111], [2, 0.1], [26, 0.1], [35, 0.09090909090909091], [37, 0.09090909090909091]], "20": [[18, 0.16666666666666666], [43, 0.14285714285714285], [68, 0.14285714285714285], [69, 0.14285714285714285], [5, 0.1111111111111111]], "21": [[42, 0.2], [63, 0.2], [27, 0.16666666666666666]], "22": [[28, 1.0], [38, 1.0], [39, 1.0], [41, 1.0], [19, 0.25], [27, 0.25], [3, 0.07692307692307693]], "23": [], "24": [[17, 0.3333333333333333], [6, 0.2222222222222222], [2, 0.2], [40, 0.2], [44, 0.16666666666666666], [46, 0.16666666666666666], [50, 0.16666666666666666], [52, 0.16666666666666666], [33, 0.14285714285714285], [19, 0.125], [56, 0.1111111111111111], [55, 0.10526315789473684], [51, 0.1], [26, 0.09090909090909091], [35, 0.08333333333333333], [37, 0.08333333333333333], [1, 0.0625]], "25": [[15, 1.0]], "26": [[44, 0.2857142857142857], [50, 0.2857142857142857], [52, 0.2857142857142857], [6, 0.18181818181818182], [40, 0.14285714285714285], [46, 0.125], [17, 0.1111111111111111], [33, 0.1111111111111111], [58, 0.1111111111111111], [59, 0.1111111111111111], [19, 0.1], [24, 0.09090909090909091], [51, 0.08333333333333333], [2, 0.07692307692307693], [35, 0.07142857142857142], [37, 0.07142857142857142], [1, 0.05555555555555555], [55, 0.045454545454545456]], "27": [[14, 0.25], [22, 0.25], [28, 0.25], [31, 0.25], [38, 0.25], [39, 0.25], [41, 0.25], [47, 0.25], [49, 0.25], [46, 0.2], [21, 0.16666666666666666], [36, 0.16666666666666666], [42, 0.16666666666666666], [19, 0.14285714285714285], [51, 0.1111111111111111], [4, 0.1], [10, 0.1], [45, 0.1], [35, 0.09090909090909091], [37, 0.09090909090909091], [1, 0.06666666666666667], [3, 0.0625]], "28": [[22, 1.0], [38, 1.0], [39, 1.0], [41, 1.0], [19, 0.25], [27, 0.25], [3, 0.07692307692307693]], "29": [[30, 1.0]], "30": [[29, 1.0]], "31": [[46, 0.5], [36, 0.3333333333333333], [27, 0.25], [51, 0.16666666666666666], [10, 0.14285714285714285], [45, 0.14285714285714285], [35, 0.125], [37, 0.125], [1, 0.08333333333333333]], "32": [[13, 1.0], [8, 0.14285714285714285]], "33": [[40, 0.3333333333333333], [57, 0.3333333333333333], [44, 0.25], [46, 0.25], [50, 0.25], [52, 0.25], [17, 0.2], [58, 0.2], [59, 0.2], [19, 0.16666666666666666], [24, 0.14285714285714285], [56, 0.14285714285714285], [6, 0.125], [51, 0.125], [2, 0.1111111111111111], [26, 0.1111111111111111], [35, 0.1], [37, 0.1], [1, 0.07142857142857142], [55, 0.05555555555555555]], "34": [[12, 0.3333333333333333], [76, 0.3333333333333333], [16, 0.2], [11, 0.16666666666666666], [7, 0.09090909090909091]], "35": [[37, 0.45454545454545453], [46, 0.25], [1, 0.17647058823529413], [51, 0.16666666666666666], [10, 0.15384615384615385], [45, 0.15384615384615385], [31, 0.125], [40, 0.125], [64, 0.125], [44, 0.1111111111111111], [50, 0.1111111111111111], [52, 0.1111111111111111], [17, 0.1], [33, 0.1], [36, 0.1], [19, 0.09090909090909091], [27, 0.09090909090909091], [24, 0.08333333333333333], [6, 0.07692307692307693], [2, 0.07142857142857142], [4, 0.07142857142857142], [26, 0.07142857142857142], [62, 0.06666666666666667], [3, 0.05], [55, 0.043478260869565216]],