{"ego_networks": {"jaccard": {"0": [[48, 1.0]], "1": [[46, 0.3333333333333333], [51, 0.3333333333333333], [35, 0.25], [37, 0.25], [17, 0.16666666666666666], [31, 0.16666666666666666], [36, 0.16666666666666666], [40, 0.16666666666666666], [19, 0.14285714285714285], [44, 0.14285714285714285], [50, 0.14285714285714285], [52, 0.14285714285714285], [2, 0.125], [24, 0.125], [33, 0.125], [45, 0.125], [27, 0.1111111111111111], [10, 0.1], [6, 0.09090909090909091], [26, 0.08333333333333333], [62, 0.07692307692307693], [64, 0.06666666666666667]], "2": [[24, 0.5], [17, 0.3333333333333333], [40, 0.3333333333333333], [19, 0.25], [44, 0.25], [46, 0.25], [50, 0.25], [51, 0.25], [52, 0.25], [33, 0.2], [35, 0.16666666666666666], [37, 0.16666666666666666], [56, 0.14285714285714285], [1, 0.125], [6, 0.125], [26, 0.1111111111111111], [55, 0.05555555555555555]], "3": [[22, 0.3333333333333333], [28, 0.3333333333333333], [38, 0.3333333333333333], [39, 0.3333333333333333], [41, 0.3333333333333333], [19, 0.25], [45, 0.2], [27, 0.16666666666666666], [64, 0.08333333333333333], [55, 0.05555555555555555]], "4": [[14, 1.0], [47, 1.0], [49, 1.0], [27, 0.25]], "5": [[43, 0.7777777777777778], [18, 0.6666666666666666], [20, 0.1111111111111111], [68, 0.07692307692307693], [67, 0.07142857142857142]], "6": [[44, 0.3333333333333333], [50, 0.3333333333333333], [52, 0.3333333333333333], [26, 0.18181818181818182], [17, 0.16666666666666666], [40, 0.16666666666666666], [19, 0.14285714285714285], [46, 0.14285714285714285], [51, 0.14285714285714285], [2, 0.125], [24, 0.125], [33, 0.125], [35, 0.1111111111111111], [37, 0.1111111111111111], [55, 0.1], [1, 0.09090909090909091]], "7": [[11, 1.0], [12, 1.0], [16, 1.0], [34, 1.0]], "8": [[13, 1.0], [32, 1.0]], "9": [], "10": [[31, 0.2], [36, 0.2], [46, 0.16666666666666666], [51, 0.16666666666666666], [64, 0.15384615384615385], [45, 0.14285714285714285], [27, 0.125], [35, 0.125], [37, 0.125], [55, 0.10526315789473684], [1, 0.1]], "11": [[7, 1.0], [12, 1.0], [16, 1.0], [34, 1.0]], "12": [[7, 1.0], [11, 1.0], [16, 1.0], [34, 1.0]], "13": [[8, 1.0], [32, 1.0]], "14": [[4, 1.0], [47, 1.0], [49, 1.0], [27, 0.25]], "15": [[25, 1.0]], "16": [[7, 1.0], [11, 1.0], [12, 1.0], [34, 1.0]], "17": [[40, 1.0], [19, 0.5], [44, 0.5], [46, 0.5], [50, 0.5], [51, 0.5], [52, 0.5], [2, 0.3333333333333333], [24, 0.3333333333333333], [33, 0.3333333333333333], [35, 0.25], [37, 0.25], [1, 0.16666666666666666], [6, 0.16666666666666666], [26, 0.14285714285714285]], "18": [[43, 0.8571428571428571], [5, 0.6666666666666666], [20, 0.16666666666666666], [68, 0.1], [67, 0.09090909090909091]], "19": [[17, 0.5], [22, 0.5], [28, 0.5], [38, 0.5], [39, 0.5], [40, 0.5], [41, 0.5], [44, 0.3333333333333333], [46, 0.3333333333333333], [50, 0.3333333333333333], [51, 0.3333333333333333], [52, 0.3333333333333333], [2, 0.25], [3, 0.25], [24, 0.25], [33, 0.25], [27, 0.2], [35, 0.2], [37, 0.2], [1, 0.14285714285714285], [6, 0.14285714285714285], [26, 0.125]], "20": [[68, 0.2], [18, 0.16666666666666666], [43, 0.14285714285714285], [5, 0.1111111111111111]], "21": [[42, 1.0], [27, 0.25]], "22": [[28, 1.0], [38, 1.0], [39, 1.0], [41, 1.0], [19, 0.5], [3, 0.3333333333333333], [27, 0.25]], "23": [], "24": [[2, 0.5], [17, 0.3333333333333333], [40, 0.3333333333333333], [19, 0.25], [44, 0.25], [46, 0.25], [50, 0.25], [51, 0.25], [52, 0.25], [33, 0.2], [35, 0.16666666666666666], [37, 0.16666666666666666], [56, 0.14285714285714285], [1, 0.125], [6, 0.125], [26, 0.1111111111111111], [55, 0.05555555555555555]], "25": [[15, 1.0]], "26": [[44, 0.2857142857142857], [50, 0.2857142857142857], [52, 0.2857142857142857], [6, 0.18181818181818182], [17, 0.14285714285714285], [40, 0.14285714285714285], [19, 0.125], [46, 0.125], [51, 0.125], [2, 0.1111111111111111], [24, 0.1111111111111111], [33, 0.1111111111111111], [58, 0.1111111111111111], [59, 0.1111111111111111], [35, 0.1], [37, 0.1], [1, 0.08333333333333333], [55, 0.045454545454545456]], "27": [[4, 0.25], [14, 0.25], [21, 0.25], [22, 0.25], [28, 0.25], [31, 0.25], [36, 0.25], [38, 0.25], [39, 0.25], [41, 0.25], [42, 0.25], [47, 0.25], [49, 0.25], [19, 0.2], [46, 0.2], [51, 0.2], [3, 0.16666666666666666], [45, 0.16666666666666666], [35, 0.14285714285714285], [37, 0.14285714285714285], [10, 0.125], [1, 0.1111111111111111]], "28": [[22, 1.0], [38, 1.0], [39, 1.0], [41, 1.0], [19, 0.5], [3, 0.3333333333333333], [27, 0.25]], "29": [[30, 1.0]], "30": [[29, 1.0]], "31": [[36, 1.0], [46, 0.5], [51, 0.5], [45, 0.3333333333333333], [27, 0.25], [35, 0.25], [37, 0.25], [10, 0.2], [1, 0.16666666666666666]], "32": [[8, 1.0], [13, 1.0]], "33": [[17, 0.3333333333333333], [40, 0.3333333333333333], [57, 0.3333333333333333], [19, 0.25], [44, 0.25], [46, 0.25], [50, 0.25], [51, 0.25], [52, 0.25], [2, 0.2], [24, 0.2], [58, 0.2], [59, 0.2], [35, 0.16666666666666666], [37, 0.16666666666666666], [56, 0.14285714285714285], [1, 0.125], [6, 0.125], [26, 0.1111111111111111], [55, 0.05555555555555555]], "34": [[7, 1.0], [11, 1.0], [12, 1.0], [16, 1.0]], "35": [[37, 0.6], [46, 0.5], [51, 0.5], [1, 0.25], [17, 0.25], [31, 0.25], [36, 0.25], [40, 0.25], [19, 0.2], [44, 0.2], [50, 0.2], [52, 0.2], [2, 0.16666666666666666], [24, 0.16666666666666666], [33, 0.16666666666666666], [45, 0.16666666666666666], [27, 0.14285714285714285], [10, 0.125], [6, 0.1111111111111111], [26, 0.1], [64, 0.07692307692307693]], "36": [[31, 1.0], [46, 0.5], [51, 0.5], [45, 0.3333333333333333], [27, 0.25], [35, 0.25], [37, 0.25], [10, 0.2], [1, 0.16666666666666666]], "37": [[35, 0.6], [46, 0.5], [51, 0.5], [1, 0.25], [17, 0.25], [31, 0.25], [36, 0.25], [40, 0.25], [19, 0.2], [44, 0.2], [50, 0.2], [52, 0.2], [2, 0.16666666666666666], [24, 0.16666666666666666], [33, 0.16666666666666666], [45, 0.16666666666666666], [27, 0.14285714285714285], [10, 0.125], [6, 0.1111111111111111], [26, 0.1], [64, 0.07692307692307693]], "38": [[22, 1.0], [28, 1.0], [39, 1.0], [41, 1.0], [19, 0.5], [3, 0.3333333333333333], [27, 0.25]], "39": [[22, 1.0], [28, 1.0], [38, 1.0], [41, 1.0], [19, 0.5], [3, 0.3333333333333333], [27, 0.25]], "40": [[17, 1.0], [19, 0.5], [44, 0.5], [46, 0.5], [50, 0.5], [51, 0.5], [52, 0.5], [2, 0.3333333333333333], [24, 0.3333333333333333], [33, 0.3333333333333333], [35, 0.25], [37, 0.25], [1, 0.16666666666666666], [6, 0.16666666666666666], [26, 0.14285714285714285]], "41": [[22, 1.0], [28, 1.0], [38, 1.0], [39, 1.0], [19, 0.5], [3, 0.3333333333333333], [27, 0.25]], "42": [[21, 1.0], [27, 0.25]], "43": [[18, 0.8571428571428571], [5, 0.7777777777777778], [20, 0.14285714285714285], [68, 0.09090909090909091], [67, 0.08333333333333333]], "44": [[50, 1.0], [52, 1.0], [17, 0.5], [40, 0.5], [6, 0.3333333333333333], [19, 0.3333333333333333], [46, 0.3333333333333333], [51, 0.3333333333333333], [26, 0.2857142857142857], [2, 0.25], [24, 0.25], [33, 0.25], [35, 0.2], [37, 0.2], [1, 0.14285714285714285]], "45": [[31, 0.3333333333333333], [36, 0.3333333333333333], [46, 0.25], [51, 0.25], [3, 0.2], [27, 0.16666666666666666], [35, 0.16666666666666666], [37, 0.16666666666666666], [10, 0.14285714285714285], [1, 0.125], [64, 0.08333333333333333], [55, 0.05555555555555555]], "46": [[51, 1.0], [17, 0.5], [31, 0.5], [35, 0.5], [36, 0.5], [37, 0.5], [40, 0.5], [1, 0.3333333333333333], [19, 0.3333333333333333], [44, 0.3333333333333333], [50, 0.3333333333333333], [52, 0.3333333333333333], [2, 0.25], [24, 0.25], [33, 0.25], [45, 0.25], [27, 0.2], [10, 0.16666666666666666], [6, 0.14285714285714285], [26, 0.125]], "47": [[4, 1.0], [14, 1.0], [49, 1.0], [27, 0.25]], "48": [[0, 1.0]], "49": [[4, 1.0], [14, 1.0], [47, 1.0], [27, 0.25]], "50": [[44, 1.0], [52, 1.0], [17, 0.5], [40, 0.5], [6, 0.3333333333333333], [19, 0.3333333333333333], [46, 0.3333333333333333], [51, 0.3333333333333333], [26, 0.2857142857142857], [2, 0.25], [24, 0.25], [33, 0.25], [35, 0.2], [37, 0.2], [1, 0.14285714285714285]],