{"ego_networks": {"jaccard": {"0": [[48, 1.0]], "1": [[35, 1.0], [37, 1.0], [46, 1.0], [51, 1.0], [2, 0.5], [10, 0.5], [17, 0.5], [24, 0.5], [31, 0.5], [33, 0.5], [36, 0.5], [40, 0.5], [45, 0.5], [6, 0.3333333333333333], [19, 0.3333333333333333], [44, 0.3333333333333333], [50, 0.3333333333333333], [52, 0.3333333333333333], [27, 0.2], [26, 0.16666666666666666]], "2": [[17, 1.0], [24, 1.0], [33, 1.0], [40, 1.0], [1, 0.5], [6, 0.5], [19, 0.5], [35, 0.5], [37, 0.5], [44, 0.5], [46, 0.5], [50, 0.5], [51, 0.5], [52, 0.5], [26, 0.2]], "3": [[22, 1.0], [28, 1.0], [38, 1.0], [39, 1.0], [41, 1.0], [19, 0.5], [27, 0.25]], "4": [[14, 1.0], [47, 1.0], [49, 1.0], [27, 0.25]], "5": [[43, 0.7777777777777778], [18, 0.6666666666666666], [20, 0.1111111111111111]], "6": [[44, 1.0], [50, 1.0], [52, 1.0], [2, 0.5], [17, 0.5], [24, 0.5], [33, 0.5], [40, 0.5], [26, 0.4], [1, 0.3333333333333333], [19, 0.3333333333333333], [35, 0.3333333333333333], [37, 0.3333333333333333], [46, 0.3333333333333333], [51, 0.3333333333333333]], "7": [[11, 1.0], [12, 1.0], [16, 1.0], [34, 1.0]], "8": [[13, 1.0], [32, 1.0]], "9": [], "10": [[31, 1.0], [36, 1.0], [45, 1.0], [1, 0.5], [35, 0.5], [37, 0.5], [46, 0.5], [51, 0.5], [27, 0.25]], "11": [[7, 1.0], [12, 1.0], [16, 1.0], [34, 1.0]], "12": [[7, 1.0], [11, 1.0], [16, 1.0], [34, 1.0]], "13": [[8, 1.0], [32, 1.0]], "14": [[4, 1.0], [47, 1.0], [49, 1.0], [27, 0.25]], "15": [[25, 1.0]], "16": [[7, 1.0], [11, 1.0], [12, 1.0], [34, 1.0]], "17": [[2, 1.0], [24, 1.0], [33, 1.0], [40, 1.0], [1, 0.5], [6, 0.5], [19, 0.5], [35, 0.5], [37, 0.5], [44, 0.5], [46, 0.5], [50, 0.5], [51, 0.5], [52, 0.5], [26, 0.2]], "18": [[43, 0.8571428571428571], [5, 0.6666666666666666], [20, 0.16666666666666666]], "19": [[2, 0.5], [3, 0.5], [17, 0.5], [22, 0.5], [24, 0.5], [28, 0.5], [33, 0.5], [38, 0.5], [39, 0.5], [40, 0.5], [41, 0.5], [1, 0.3333333333333333], [6, 0.3333333333333333], [35, 0.3333333333333333], [37, 0.3333333333333333], [44, 0.3333333333333333], [46, 0.3333333333333333], [50, 0.3333333333333333], [51, 0.3333333333333333], [52, 0.3333333333333333], [27, 0.2], [26, 0.16666666666666666]], "20": [[18, 0.16666666666666666], [43, 0.14285714285714285], [5, 0.1111111111111111]], "21": [[42, 1.0], [27, 0.25]], "22": [[3, 1.0], [28, 1.0], [38, 1.0], [39, 1.0], [41, 1.0], [19, 0.5], [27, 0.25]], "23": [], "24": [[2, 1.0], [17, 1.0], [33, 1.0], [40, 1.0], [1, 0.5], [6, 0.5], [19, 0.5], [35, 0.5], [37, 0.5], [44, 0.5], [46, 0.5], [50, 0.5], [51, 0.5], [52, 0.5], [26, 0.2]], "25": [[15, 1.0]], "26": [[6, 0.4], [44, 0.4], [50, 0.4], [52, 0.4], [2, 0.2], [17, 0.2], [24, 0.2], [33, 0.2], [40, 0.2], [1, 0.16666666666666666], [19, 0.16666666666666666], [35, 0.16666666666666666], [37, 0.16666666666666666], [46, 0.16666666666666666], [51, 0.16666666666666666]], "27": [[3, 0.25], [4, 0.25], [10, 0.25], [14, 0.25], [21, 0.25], [22, 0.25], [28, 0.25], [31, 0.25], [36, 0.25], [38, 0.25], [39, 0.25], [41, 0.25], [42, 0.25], [45, 0.25], [47, 0.25], [49, 0.25], [1, 0.2], [19, 0.2], [35, 0.2], [37, 0.2], [46, 0.2], [51, 0.2]], "28": [[3, 1.0], [22, 1.0], [38, 1.0], [39, 1.0], [41, 1.0], [19, 0.5], [27, 0.25]], "29": [[30, 1.0]], "30": [[29, 1.0]], "31": [[10, 1.0], [36, 1.0], [45, 1.0], [1, 0.5], [35, 0.5], [37, 0.5], [46, 0.5], [51, 0.5], [27, 0.25]], "32": [[8, 1.0], [13, 1.0]], "33": [[2, 1.0], [17, 1.0], [24, 1.0], [40, 1.0], [1, 0.5], [6, 0.5], [19, 0.5], [35, 0.5], [37, 0.5], [44, 0.5], [46, 0.5], [50, 0.5], [51, 0.5], [52, 0.5], [26, 0.2]], "34": [[7, 1.0], [11, 1.0], [12, 1.0], [16, 1.0]], "35": [[1, 1.0], [37, 1.0], [46, 1.0], [51, 1.0], [2, 0.5], [10, 0.5], [17, 0.5], [24, 0.5], [31, 0.5], [33, 0.5], [36, 0.5], [40, 0.5], [45, 0.5], [6, 0.3333333333333333], [19, 0.3333333333333333], [44, 0.3333333333333333], [50, 0.3333333333333333], [52, 0.3333333333333333], [27, 0.2], [26, 0.16666666666666666]], "36": [[10, 1.0], [31, 1.0], [45, 1.0], [1, 0.5], [35, 0.5], [37, 0.5], [46, 0.5], [51, 0.5], [27, 0.25]], "37": [[1, 1.0], [35, 1.0], [46, 1.0], [51, 1.0], [2, 0.5], [10, 0.5], [17, 0.5], [24, 0.5], [31, 0.5], [33, 0.5], [36, 0.5], [40, 0.5], [45, 0.5], [6, 0.3333333333333333], [19, 0.3333333333333333], [44, 0.3333333333333333], [50, 0.3333333333333333], [52, 0.3333333333333333], [27, 0.2], [26, 0.16666666666666666]], "38": [[3, 1.0], [22, 1.0], [28, 1.0], [39, 1.0], [41, 1.0], [19, 0.5], [27, 0.25]], "39": [[3, 1.0], [22, 1.0], [28, 1.0], [38, 1.0], [41, 1.0], [19, 0.5], [27, 0.25]], "40": [[2, 1.0], [17, 1.0], [24, 1.0], [33, 1.0], [1, 0.5], [6, 0.5], [19, 0.5], [35, 0.5], [37, 0.5], [44, 0.5], [46, 0.5], [50, 0.5], [51, 0.5], [52, 0.5], [26, 0.2]], "41": [[3, 1.0], [22, 1.0], [28, 1.0], [38, 1.0], [39, 1.0], [19, 0.5], [27, 0.25]], "42": [[21, 1.0], [27, 0.25]], "43": [[18, 0.8571428571428571], [5, 0.7777777777777778], [20, 0.14285714285714285]], "44": [[6, 1.0], [50, 1.0], [52, 1.0], [2, 0.5], [17, 0.5], [24, 0.5], [33, 0.5], [40, 0.5], [26, 0.4], [1, 0.3333333333333333], [19, 0.3333333333333333], [35, 0.3333333333333333], [37, 0.3333333333333333], [46, 0.3333333333333333], [51, 0.3333333333333333]], "45": [[10, 1.0], [31, 1.0], [36, 1.0], [1, 0.5], [35, 0.5], [37, 0.5], [46, 0.5], [51, 0.5], [27, 0.25]], "46": [[1, 1.0], [35, 1.0], [37, 1.0], [51, 1.0], [2, 0.5], [10, 0.5], [17, 0.5], [24, 0.5], [31, 0.5], [33, 0.5], [36, 0.5], [40, 0.5], [45, 0.5], [6, 0.3333333333333333], [19, 0.3333333333333333], [44, 0.3333333333333333], [50, 0.3333333333333333], [52, 0.3333333333333333], [27, 0.2], [26, 0.16666666666666666]], "47": [[4, 1.0], [14, 1.0], [49, 1.0], [27, 0.25]], "48": [[0, 1.0]], "49": [[4, 1.0], [14, 1.0], [47, 1.0], [27, 0.25]], "50": [[6, 1.0], [44, 1.0], [52, 1.0], [2, 0.5], [17, 0.5], [24, 0.5], [33, 0.5], [40, 0.5], [26, 0.4], [1, 0.3333333333333333], [19, 0.3333333333333333], [35, 0.3333333333333333], [37, 0.3333333333333333], [46, 0.3333333333333333], [51, 0.3333333333333333]], "51": [[1, 1.0], [35, 1.0], [37, 1.0], [46, 1.0], [2, 0.5], [10, 0.5], [17, 0.5], [24, 0.5], [31, 0.5], [33, 0.5], [36, 0.5], [40, 0.5], [45, 0.5], [6, 0.3333333333333333], [19, 0.3333333333333333], [44, 0.3333333333333333], [50, 0.3333333333333333], [52, 0.3333333333333333], [27, 0.2], [26, 0.16666666666666666]], "52": [[6, 1.0], [44, 1.0], [50, 1.0], [2, 0.5], [17, 0.5], [24, 0.5], [33, 0.5], [40, 0.5], [26, 0.4], [1, 0.3333333333333333], [19, 0.3333333333333333], [35, 0.3333333333333333], [37, 0.3333333333333333], [46, 0.3333333333333333], [51, 0.3333333333333333]], "53": [], "54": [[72, 1.0], [71, 0.5], [68, 0.3333333333333333], [69, 0.3333333333333333], [73, 0.3333333333333333], [74, 0.3333333333333333], [75, 0.3333333333333333], [67, 0.25]], "55": [[56, 0.3125], [64, 0.23809523809523808], [57, 0.0625], [58, 0.0625], [59, 0.0625], [62, 0.043478260869565216]], "56": [[55, 0.3125], [57, 0.2], [58, 0.2], [59, 0.2]], "57": [[58, 1.0], [59, 1.0], [56, 0.2], [55, 0.0625]], "58": [[57, 1.0], [59, 1.0], [56, 0.2], [55, 0.0625]], "59": [[57, 1.0], [58, 1.0], [56, 0.2], [55, 0.0625]], "60": [[63, 0.14285714285714285], [62, 0.08333333333333333], [64, 0.07142857142857142]], "61": [], "62": [[63, 0.1], [60, 0.08333333333333333], [64, 0.058823529411764705], [55, 0.043478260869565216]], "63": [[60, 0.14285714285714285], [62, 0.1], [64, 0.08333333333333333]], "64": [[55, 0.23809523809523808], [63, 0.08333333333333333], [60, 0.07142857142857142], [62, 0.058823529411764705]], "65": [], "66": [], "67": [[68, 0.75], [69, 0.75], [73, 0.75], [74, 0.75], [75, 0.75], [71, 0.5], [54, 0.25], [72, 0.25]], "68": [[69, 1.0], [73, 1.0], [74, 1.0], [75, 1.0], [67, 0.75], [71, 0.6666666666666666], [54, 0.3333333333333333], [72, 0.3333333333333333]], "69": [[68, 1.0], [73, 1.0], [74, 1.0], [75, 1.0], [67, 0.75], [71, 0.6666666666666666], [54, 0.3333333333333333], [72, 0.3333333333333333]], "70": [], "71": [[68, 0.6666666666666666], [69, 0.6666666666666666], [73, 0.6666666666666666], [74, 0.6666666666666666], [75, 0.6666666666666666], [54, 0.5], [67, 0.5], [72, 0.5]],