{"ego_networks": {"jaccard": {"0": [[48, 1.0]], "1": [[46, 0.5], [51, 0.5], [35, 0.3333333333333333], [37, 0.3333333333333333], [2, 0.25], [17, 0.25], [24, 0.25], [31, 0.25], [33, 0.25], [36, 0.25], [40, 0.25], [6, 0.2], [19, 0.2], [44, 0.2], [50, 0.2], [52, 0.2], [45, 0.16666666666666666], [27, 0.14285714285714285], [10, 0.125], [26, 0.125], [64, 0.07692307692307693]], "2": [[17, 1.0], [24, 1.0], [33, 1.0], [40, 1.0], [6, 0.5], [19, 0.5], [44, 0.5], [46, 0.5], [50, 0.5], [51, 0.5], [52, 0.5], [1, 0.25], [35, 0.25], [37, 0.25], [26, 0.2]], "3": [[22, 1.0], [28, 1.0], [38, 1.0], [39, 1.0], [41, 1.0], [19, 0.5], [27, 0.25]], "4": [[14, 1.0], [47, 1.0], [49, 1.0], [27, 0.25]], "5": [[43, 0.7777777777777778], [18, 0.6666666666666666], [20, 0.1111111111111111], [68, 0.07692307692307693], [67, 0.07142857142857142]], "6": [[44, 1.0], [50, 1.0], [52, 1.0], [2, 0.5], [17, 0.5], [24, 0.5], [33, 0.5], [40, 0.5], [26, 0.4], [19, 0.3333333333333333], [46, 0.3333333333333333], [51, 0.3333333333333333], [1, 0.2], [35, 0.2], [37, 0.2]], "7": [[11, 1.0], [12, 1.0], [16, 1.0], [34, 1.0]], "8": [[13, 1.0], [32, 1.0]], "9": [], "10": [[31, 0.2], [36, 0.2], [46, 0.16666666666666666], [51, 0.16666666666666666], [64, 0.15384615384615385], [45, 0.14285714285714285], [1, 0.125], [27, 0.125], [35, 0.125], [37, 0.125], [55, 0.10526315789473684]], "11": [[7, 1.0], [12, 1.0], [16, 1.0], [34, 1.0]], "12": [[7, 1.0], [11, 1.0], [16, 1.0], [34, 1.0]], "13": [[8, 1.0], [32, 1.0]], "14": [[4, 1.0], [47, 1.0], [49, 1.0], [27, 0.25]], "15": [[25, 1.0]], "16": [[7, 1.0], [11, 1.0], [12, 1.0], [34, 1.0]], "17": [[2, 1.0], [24, 1.0], [33, 1.0], [40, 1.0], [6, 0.5], [19, 0.5], [44, 0.5], [46, 0.5], [50, 0.5], [51, 0.5], [52, 0.5], [1, 0.25], [35, 0.25], [37, 0.25], [26, 0.2]], "18": [[43, 0.8571428571428571], [5, 0.6666666666666666], [20, 0.16666666666666666], [68, 0.1], [67, 0.09090909090909091]], "19": [[2, 0.5], [3, 0.5], [17, 0.5], [22, 0.5], [24, 0.5], [28, 0.5], [33, 0.5], [38, 0.5], [39, 0.5], [40, 0.5], [41, 0.5], [6, 0.3333333333333333], [44, 0.3333333333333333], [46, 0.3333333333333333], [50, 0.3333333333333333], [51, 0.3333333333333333], [52, 0.3333333333333333], [1, 0.2], [27, 0.2], [35, 0.2], [37, 0.2], [26, 0.16666666666666666]], "20": [[68, 0.2], [18, 0.16666666666666666], [43, 0.14285714285714285], [5, 0.1111111111111111]], "21": [[42, 1.0], [27, 0.25]], "22": [[3, 1.0], [28, 1.0], [38, 1.0], [39, 1.0], [41, 1.0], [19, 0.5], [27, 0.25]], "23": [], "24": [[2, 1.0], [17, 1.0], [33, 1.0], [40, 1.0], [6, 0.5], [19, 0.5], [44, 0.5], [46, 0.5], [50, 0.5], [51, 0.5], [52, 0.5], [1, 0.25], [35, 0.25], [37, 0.25], [26, 0.2]], "25": [[15, 1.0]], "26": [[6, 0.4], [44, 0.4], [50, 0.4], [52, 0.4], [2, 0.2], [17, 0.2], [24, 0.2], [33, 0.2], [40, 0.2], [19, 0.16666666666666666], [46, 0.16666666666666666], [51, 0.16666666666666666], [1, 0.125], [35, 0.125], [37, 0.125]], "27": [[3, 0.25], [4, 0.25], [14, 0.25], [21, 0.25], [22, 0.25], [28, 0.25], [31, 0.25], [36, 0.25], [38, 0.25], [39, 0.25], [41, 0.25], [42, 0.25], [47, 0.25], [49, 0.25], [19, 0.2], [46, 0.2], [51, 0.2], [45, 0.16666666666666666], [1, 0.14285714285714285], [35, 0.14285714285714285], [37, 0.14285714285714285], [10, 0.125]], "28": [[3, 1.0], [22, 1.0], [38, 1.0], [39, 1.0], [41, 1.0], [19, 0.5], [27, 0.25]], "29": [[30, 1.0]], "30": [[29, 1.0]], "31": [[36, 1.0], [46, 0.5], [51, 0.5], [45, 0.3333333333333333], [1, 0.25], [27, 0.25], [35, 0.25], [37, 0.25], [10, 0.2]], "32": [[8, 1.0], [13, 1.0]], "33": [[2, 1.0], [17, 1.0], [24, 1.0], [40, 1.0], [6, 0.5], [19, 0.5], [44, 0.5], [46, 0.5], [50, 0.5], [51, 0.5], [52, 0.5], [1, 0.25], [35, 0.25], [37, 0.25], [26, 0.2]], "34": [[7, 1.0], [11, 1.0], [12, 1.0], [16, 1.0]], "35": [[37, 0.6], [46, 0.5], [51, 0.5], [1, 0.3333333333333333], [2, 0.25], [17, 0.25], [24, 0.25], [31, 0.25], [33, 0.25], [36, 0.25], [40, 0.25], [6, 0.2], [19, 0.2], [44, 0.2], [50, 0.2], [52, 0.2], [45, 0.16666666666666666], [27, 0.14285714285714285], [10, 0.125], [26, 0.125], [64, 0.07692307692307693]], "36": [[31, 1.0], [46, 0.5], [51, 0.5], [45, 0.3333333333333333], [1, 0.25], [27, 0.25], [35, 0.25], [37, 0.25], [10, 0.2]], "37": [[35, 0.6], [46, 0.5], [51, 0.5], [1, 0.3333333333333333], [2, 0.25], [17, 0.25], [24, 0.25], [31, 0.25], [33, 0.25], [36, 0.25], [40, 0.25], [6, 0.2], [19, 0.2], [44, 0.2], [50, 0.2], [52, 0.2], [45, 0.16666666666666666], [27, 0.14285714285714285], [10, 0.125], [26, 0.125], [64, 0.07692307692307693]], "38": [[3, 1.0], [22, 1.0], [28, 1.0], [39, 1.0], [41, 1.0], [19, 0.5], [27, 0.25]], "39": [[3, 1.0], [22, 1.0], [28, 1.0], [38, 1.0], [41, 1.0], [19, 0.5], [27, 0.25]], "40": [[2, 1.0], [17, 1.0], [24, 1.0], [33, 1.0], [6, 0.5], [19, 0.5], [44, 0.5], [46, 0.5], [50, 0.5], [51, 0.5], [52, 0.5], [1, 0.25], [35, 0.25], [37, 0.25], [26, 0.2]], "41": [[3, 1.0], [22, 1.0], [28, 1.0], [38, 1.0], [39, 1.0], [19, 0.5], [27, 0.25]], "42": [[21, 1.0], [27, 0.25]], "43": [[18, 0.8571428571428571], [5, 0.7777777777777778], [20, 0.14285714285714285], [68, 0.09090909090909091], [67, 0.08333333333333333]], "44": [[6, 1.0], [50, 1.0], [52, 1.0], [2, 0.5], [17, 0.5], [24, 0.5], [33, 0.5], [40, 0.5], [26, 0.4], [19, 0.3333333333333333], [46, 0.3333333333333333], [51, 0.3333333333333333], [1, 0.2], [35, 0.2], [37, 0.2]], "45": [[31, 0.3333333333333333], [36, 0.3333333333333333], [46, 0.25], [51, 0.25], [1, 0.16666666666666666], [27, 0.16666666666666666], [35, 0.16666666666666666], [37, 0.16666666666666666], [10, 0.14285714285714285], [64, 0.08333333333333333], [55, 0.05555555555555555]], "46": [[51, 1.0], [1, 0.5], [2, 0.5], [17, 0.5], [24, 0.5], [31, 0.5], [33, 0.5], [35, 0.5], [36, 0.5], [37, 0.5], [40, 0.5], [6, 0.3333333333333333], [19, 0.3333333333333333], [44, 0.3333333333333333], [50, 0.3333333333333333], [52, 0.3333333333333333], [45, 0.25], [27, 0.2], [10, 0.16666666666666666], [26, 0.16666666666666666]], "47": [[4, 1.0], [14, 1.0], [49, 1.0], [27, 0.25]], "48": [[0, 1.0]], "49": [[4, 1.0], [14, 1.0], [47, 1.0], [27, 0.25]], "50": [[6, 1.0], [44, 1.0], [52, 1.0], [2, 0.5], [17, 0.5], [24, 0.5], [33, 0.5], [40, 0.5], [26, 0.4], [19, 0.3333333333333333], [46, 0.3333333333333333], [51, 0.3333333333333333], [1, 0.2], [35, 0.2], [37, 0.2]], "51": [[46, 1.0], [1, 0.5], [2, 0.5], [17, 0.5], [24, 0.5], [31, 0.5], [33, 0.5], [35, 0.5], [36, 0.5], [37, 0.5], [40, 0.5], [6, 0.3333333333333333], [19, 0.3333333333333333], [44, 0.3333333333333333], [50, 0.3333333333333333], [52, 0.3333333333333333], [45, 0.25], [27, 0.2], [10, 0.16666666666666666], [26, 0.16666666666666666]], "52": [[6, 1.0], [44, 1.0], [50, 1.0], [2, 0.5], [17, 0.5], [24, 0.5], [33, 0.5], [40, 0.5], [26, 0.4], [19, 0.3333333333333333], [46, 0.3333333333333333], [51, 0.3333333333333333], [1, 0.2], [35, 0.2], [37, 0.2]], "53": [], "54": [[72, 1.0], [71, 0.5], [69, 0.3333333333333333], [73, 0.3333333333333333], [74, 0.3333333333333333], [75, 0.3333333333333333], [68, 0.2], [67, 0.16666666666666666]], "55": [[56, 0.3125], [64, 0.23809523809523808], [10, 0.10526315789473684], [57, 0.0625], [58, 0.0625], [59, 0.0625], [45, 0.05555555555555555], [62, 0.043478260869565216]], "56": [[55, 0.3125], [57, 0.2], [58, 0.2], [59, 0.2]], "57": [[58, 1.0], [59, 1.0], [56, 0.2], [55, 0.0625]], "58": [[57, 1.0], [59, 1.0], [56, 0.2], [55, 0.0625]], "59": [[57, 1.0], [58, 1.0], [56, 0.2], [55, 0.0625]], "60": [[63, 0.14285714285714285], [62, 0.08333333333333333], [64, 0.07142857142857142]], "61": [], "62": [[63, 0.1], [60, 0.08333333333333333], [64, 0.058823529411764705], [55, 0.043478260869565216]], "63": [[60, 0.14285714285714285], [62, 0.1], [64, 0.08333333333333333]], "64": [[55, 0.23809523809523808], [10, 0.15384615384615385], [45, 0.08333333333333333], [63, 0.08333333333333333], [1, 0.07692307692307693], [35, 0.07692307692307693], [37, 0.07692307692307693], [60, 0.07142857142857142], [62, 0.058823529411764705]], "65": [], "66": [],